accuracy,precision,recall,f1
0.925686591276252,1.0,0.925686591276252,0.9614093959731543
