alpha,map,ndcg_cut_10,P_10,recall_10
0.2,0.18676048604452491,0.23341353021754815,0.06000000000000014,0.2933729659229658
0.30000000000000004,0.20427086952157752,0.25127900618080545,0.06240000000000018,0.30484756909756894
0.4000000000000001,0.21034454317580173,0.2592295963336428,0.06480000000000019,0.3121014152514151
0.5000000000000001,0.21547912949905762,0.2650066056527761,0.0660000000000002,0.31866808191808177
0.6000000000000001,0.2168299203583204,0.2666605193031493,0.06620000000000022,0.31830141525141514
