accuracy,precision,recall,f1
0.9248788368336026,1.0,0.9248788368336026,0.960973562736047
